"","year","state","n","name","iso_3166_2","population","homeless_per_100k"
"1","2007","AK",1642,"Alaska","AK",675302,243.150471937
"2","2007","AL",5452,"Alabama","AL",4628981,117.779701407286
"3","2007","AR",3836,"Arkansas","AR",2821761,135.943476431916
"4","2007","AZ",14646,"Arizona","AZ",6029141,242.920177186103
"5","2007","CA",138986,"California","CA",36021202,385.844980964267
"6","2007","CO",14225,"Colorado","CO",4720423,301.350112055636
"7","2007","CT",4482,"Connecticut","CT",3517460,127.421491644539
"8","2007","DC",5320,"District of Columbia","DC",570681,932.219576260643
"9","2007","DE",1061,"Delaware","DE",859268,123.477192214769
"10","2007","FL",48069,"Florida","FL",18166990,264.595290689322
"11","2007","GA",19639,"Georgia","GA",9155813,214.497609333
"12","2007","HI",6070,"Hawaii","HI",1309731,463.453945886598
"13","2007","IA",2734,"Iowa","IA",2982644,91.6636380339055
"14","2007","ID",1749,"Idaho","ID",1468669,119.087418608277
"15","2007","IL",15487,"Illinois","IL",12643955,122.485409035385
"16","2007","IN",7358,"Indiana","IN",6332669,116.191135206972
"17","2007","KS",2111,"Kansas","KS",2762931,76.4043691282917
"18","2007","KY",8061,"Kentucky","KY",4219239,191.053410342481
"19","2007","LA",5494,"Louisiana","LA",4302665,127.68830480644
"20","2007","MA",15127,"Massachusetts","MA",6410084,235.987547121067
"21","2007","MD",9628,"Maryland","MD",5627367,171.092448742014
"22","2007","ME",2638,"Maine","ME",1323619,199.302065020221
"23","2007","MI",28295,"Michigan","MI",10036081,281.932758414365
"24","2007","MN",7323,"Minnesota","MN",5163555,141.820896649692
"25","2007","MO",6247,"Missouri","MO",5842704,106.919672809028
"26","2007","MS",1377,"Mississippi","MS",2904978,47.4013916800747
"27","2007","MT",1150,"Montana","MT",952692,120.710575925903
"28","2007","NC",11802,"North Carolina","NC",8917270,132.349923238839
"29","2007","ND",636,"North Dakota","ND",649422,97.9332390956882
"30","2007","NE",3531,"Nebraska","NE",1772693,199.188466361632
"31","2007","NH",2248,"New Hampshire","NH",1308389,171.81434573357
"32","2007","NJ",17314,"New Jersey","NJ",8661679,199.891960900421
"33","2007","NM",3015,"New Mexico","NM",1962137,153.658995268934
"34","2007","NV",8642,"Nevada","NV",2522658,342.575172694832
"35","2007","NY",NA,"New York","NY",19104631,NA
"36","2007","OH",11264,"Ohio","OH",11481213,98.1081005987782
"37","2007","OK",4221,"Oklahoma","OK",3594090,117.442801933174
"38","2007","OR",17590,"Oregon","OR",3670883,479.176263585628
"39","2007","PA",16220,"Pennsylvania","PA",12510809,129.647890875802
"40","2007","RI",1372,"Rhode Island","RI",1063096,129.05701836899
"41","2007","SC",5660,"South Carolina","SC",4357847,129.880649779582
"42","2007","SD",579,"South Dakota","SD",783033,73.9432437713353
"43","2007","TN",11210,"Tennessee","TN",6088766,184.109555203797
"44","2007","TX",39788,"Texas","TX",23359580,170.328404877142
"45","2007","UT",3011,"Utah","UT",2525507,119.223585600832
"46","2007","VA",9746,"Virginia","VA",7673725,127.004811874285
"47","2007","VT",1035,"Vermont","VT",622892,166.160425884423
"48","2007","WA",23379,"Washington","WA",6370753,366.973888329998
"49","2007","WI",5648,"Wisconsin","WI",5577655,101.261193099968
"50","2007","WV",2409,"West Virginia","WV",1827912,131.789714165671
"51","2007","WY",537,"Wyoming","WY",522667,102.742281414361
"52","2008","AK",1646,"Alaska","AK",680300,241.952079964721
"53","2008","AL",5387,"Alabama","AL",4672840,115.283211066503
"54","2008","AR",3255,"Arkansas","AR",2848650,114.26465167711
"55","2008","AZ",12488,"Arizona","AZ",6167681,202.474803739039
"56","2008","CA",136531,"California","CA",36250311,376.634010119251
"57","2008","CO",14747,"Colorado","CO",4803868,306.98179050715
"58","2008","CT",4627,"Connecticut","CT",3527270,131.177936477786
"59","2008","DC",6044,"District of Columbia","DC",574404,1052.22108481139
"60","2008","DE",933,"Delaware","DE",871749,107.026219703149
"61","2008","FL",50158,"Florida","FL",18367842,273.075084160676
"62","2008","GA",19095,"Georgia","GA",9349988,204.224861037255
"63","2008","HI",6061,"Hawaii","HI",1315675,460.676078818857
"64","2008","IA",3346,"Iowa","IA",2999212,111.56263711935
"65","2008","ID",1464,"Idaho","ID",1505105,97.2689613017032
"66","2008","IL",14724,"Illinois","IL",12695866,115.97475902786
"67","2008","IN",7395,"Indiana","IN",6379599,115.916376562226
"68","2008","KS",1738,"Kansas","KS",2783785,62.4329824321921
"69","2008","KY",8137,"Kentucky","KY",4256672,191.15872681757
"70","2008","LA",5481,"Louisiana","LA",4375581,125.263365025125
"71","2008","MA",14506,"Massachusetts","MA",6431559,225.54407104094
"72","2008","MD",9219,"Maryland","MD",5653408,163.06978021045
"73","2008","ME",2632,"Maine","ME",1327040,198.336146612009
"74","2008","MI",28248,"Michigan","MI",10001284,282.443734224526
"75","2008","MN",7644,"Minnesota","MN",5207203,146.796658397992
"76","2008","MO",7687,"Missouri","MO",5887612,130.562272106246
"77","2008","MS",1961,"Mississippi","MS",2928350,66.9660388956238
"78","2008","MT",1417,"Montana","MT",964706,146.884128428765
"79","2008","NC",12411,"North Carolina","NC",9118037,136.114823837631
"80","2008","ND",615,"North Dakota","ND",652822,94.2063839760302
"81","2008","NE",3985,"Nebraska","NE",1783440,223.444579015835
"82","2008","NH",2019,"New Hampshire","NH",1312540,153.823883462599
"83","2008","NJ",13832,"New Jersey","NJ",8677885,159.393677145987
"84","2008","NM",3015,"New Mexico","NM",1990070,151.502208465029
"85","2008","NV",8726,"Nevada","NV",2601072,335.477064840958
"86","2008","NY",61125,"New York","NY",19132335,319.485311123812
"87","2008","OH",12912,"Ohio","OH",11500468,112.273691818455
"88","2008","OK",3846,"Oklahoma","OK",3634349,105.823628936021
"89","2008","OR",20653,"Oregon","OR",3722417,554.82768319616
"90","2008","PA",15378,"Pennsylvania","PA",12563937,122.397939435704
"91","2008","RI",1196,"Rhode Island","RI",1057315,113.116715453767
"92","2008","SC",5660,"South Carolina","SC",4444110,127.359583808682
"93","2008","SD",579,"South Dakota","SD",791623,73.1408764020247
"94","2008","TN",9705,"Tennessee","TN",6175727,157.147490489784
"95","2008","TX",40190,"Texas","TX",23831983,168.638925262745
"96","2008","UT",3434,"Utah","UT",2597746,132.19152295875
"97","2008","VA",8469,"Virginia","VA",7751000,109.263320861824
"98","2008","VT",954,"Vermont","VT",623481,153.01188007333
"99","2008","WA",21954,"Washington","WA",6461587,339.761733456502
"100","2008","WI",5449,"Wisconsin","WI",5610775,97.1167084761018
"101","2008","WV",2016,"West Virginia","WV",1834052,109.920547509013
"102","2008","WY",751,"Wyoming","WY",534876,140.406374561581
"103","2009","AK",1992,"Alaska","AK",687455,289.764420943916
"104","2009","AL",6080,"Alabama","AL",4718206,128.862538007031
"105","2009","AR",2852,"Arkansas","AR",2874554,99.2153913267937
"106","2009","AZ",14721,"Arizona","AZ",6280362,234.397316587802
"107","2009","CA",123678,"California","CA",36604337,337.877995167622
"108","2009","CO",15268,"Colorado","CO",4889730,312.246279446922
"109","2009","CT",4605,"Connecticut","CT",3545579,129.880056261615
"110","2009","DC",6228,"District of Columbia","DC",580236,1073.35635844725
"111","2009","DE",1130,"Delaware","DE",883874,127.846276731751
"112","2009","FL",55599,"Florida","FL",18527305,300.092215246632
"113","2009","GA",20360,"Georgia","GA",9504843,214.206589209311
"114","2009","HI",5782,"Hawaii","HI",1332213,434.014680835572
"115","2009","IA",3380,"Iowa","IA",3016734,112.041698074805
"116","2009","ID",1939,"Idaho","ID",1534320,126.375202043902
"117","2009","IL",14055,"Illinois","IL",12747038,110.260909240249
"118","2009","IN",6984,"Indiana","IN",6424806,108.703671363773
"119","2009","KS",1892,"Kansas","KS",2808076,67.377093782362
"120","2009","KY",5999,"Kentucky","KY",4289878,139.840806661635
"121","2009","LA",12504,"Louisiana","LA",4435586,281.901872717607
"122","2009","MA",15482,"Massachusetts","MA",6468967,239.327237254418
"123","2009","MD",11698,"Maryland","MD",5684965,205.770835880256
"124","2009","ME",2444,"Maine","ME",1330509,183.689099434878
"125","2009","MI",14005,"Michigan","MI",9946889,140.797791148569
"126","2009","MN",7718,"Minnesota","MN",5247018,147.093072674803
"127","2009","MO",6959,"Missouri","MO",5923916,117.472968894225
"128","2009","MS",2797,"Mississippi","MS",2947806,94.884127381517
"129","2009","MT",1196,"Montana","MT",976415,122.488900723565
"130","2009","NC",12918,"North Carolina","NC",9309449,138.762240386085
"131","2009","ND",773,"North Dakota","ND",657569,117.554203437206
"132","2009","NE",3718,"Nebraska","NE",1796378,206.972029272236
"133","2009","NH",1645,"New Hampshire","NH",1315906,125.008929209229
"134","2009","NJ",13169,"New Jersey","NJ",8711090,151.175111266214
"135","2009","NM",3475,"New Mexico","NM",2010662,172.828650464374
"136","2009","NV",11089,"Nevada","NV",2653630,417.88041286841
"137","2009","NY",61067,"New York","NY",19212436,317.851416655337
"138","2009","OH",12700,"Ohio","OH",11515391,110.287180001096
"139","2009","OK",4838,"Oklahoma","OK",3668976,131.862405205158
"140","2009","OR",17309,"Oregon","OR",3768748,459.277192319571
"141","2009","PA",15096,"Pennsylvania","PA",12612285,119.6928233068
"142","2009","RI",1607,"Rhode Island","RI",1055003,152.321841738839
"143","2009","SC",4473,"South Carolina","SC",4528996,98.7636111844656
"144","2009","SD",731,"South Dakota","SD",799124,91.4751653060101
"145","2009","TN",10532,"Tennessee","TN",6247411,168.581833338642
"146","2009","TX",36761,"Texas","TX",24309039,151.223583951632
"147","2009","UT",3795,"Utah","UT",2663029,142.506897221172
"148","2009","VA",8852,"Virginia","VA",7833496,113.001908726321
"149","2009","VT",1214,"Vermont","VT",624151,194.504214525011
"150","2009","WA",22782,"Washington","WA",6562231,347.168516317088
"151","2009","WI",6525,"Wisconsin","WI",5640996,115.671062344309
"152","2009","WV",1667,"West Virginia","WV",1840310,90.5825648939581
"153","2009","WY",515,"Wyoming","WY",546043,94.3149165908179
"154","2010","AK",1863,"Alaska","AK",714021,260.916695727437
"155","2010","AL",6046,"Alabama","AL",4785161,126.348935803832
"156","2010","AR",2762,"Arkansas","AR",2922394,94.511554567933
"157","2010","AZ",13711,"Arizona","AZ",6408208,213.959971336761
"158","2010","CA",123480,"California","CA",37334079,330.743393991318
"159","2010","CO",15482,"Colorado","CO",5048254,306.680289858632
"160","2010","CT",4316,"Connecticut","CT",3579717,120.568190166988
"161","2010","DC",6539,"District of Columbia","DC",605126,1080.60139541186
"162","2010","DE",982,"Delaware","DE",899791,109.136455021222
"163","2010","FL",57551,"Florida","FL",18849890,305.312126489863
"164","2010","GA",19836,"Georgia","GA",9713454,204.211601763904
"165","2010","HI",5834,"Hawaii","HI",1363980,427.718881508527
"166","2010","IA",3014,"Iowa","IA",3050694,98.7971917209658
"167","2010","ID",2346,"Idaho","ID",1570986,149.332966684617
"168","2010","IL",14395,"Illinois","IL",12841249,112.099687499246
"169","2010","IN",6452,"Indiana","IN",6490590,99.4054469624487
"170","2010","KS",2024,"Kansas","KS",2858824,70.7983422554169
"171","2010","KY",6623,"Kentucky","KY",4347937,152.325114186337
"172","2010","LA",12482,"Louisiana","LA",4544951,274.634424001491
"173","2010","MA",16646,"Massachusetts","MA",6565036,253.555349886886
"174","2010","MD",10845,"Maryland","MD",5788409,187.357182258545
"175","2010","ME",2379,"Maine","ME",1327695,179.182718922644
"176","2010","MI",13058,"Michigan","MI",9877369,132.20119649271
"177","2010","MN",7869,"Minnesota","MN",5310903,148.166893652548
"178","2010","MO",8122,"Missouri","MO",5996052,135.455796580817
"179","2010","MS",2743,"Mississippi","MS",2970316,92.347076876669
"180","2010","MT",1615,"Montana","MT",990643,163.025428938578
"181","2010","NC",12191,"North Carolina","NC",9558979,127.534541084356
"182","2010","ND",799,"North Dakota","ND",674530,118.452848650171
"183","2010","NE",3877,"Nebraska","NE",1830025,211.855029302878
"184","2010","NH",1574,"New Hampshire","NH",1316708,119.540551132066
"185","2010","NJ",13737,"New Jersey","NJ",8803881,156.033458425892
"186","2010","NM",3475,"New Mexico","NM",2064741,168.301980732692
"187","2010","NV",11205,"Nevada","NV",2703440,414.471932056935
"188","2010","NY",65606,"New York","NY",19402920,338.124364786331
"189","2010","OH",12569,"Ohio","OH",11540766,108.909581911634
"190","2010","OK",5229,"Oklahoma","OK",3759596,139.084093078086
"191","2010","OR",19492,"Oregon","OR",3837972,507.87238677093
"192","2010","PA",14516,"Pennsylvania","PA",12712014,114.191189531415
"193","2010","RI",1282,"Rhode Island","RI",1053219,121.722072997164
"194","2010","SC",4473,"South Carolina","SC",4635894,96.4862440771942
"195","2010","SD",731,"South Dakota","SD",816299,89.5505200912901
"196","2010","TN",10276,"Tennessee","TN",6356585,161.659129862969
"197","2010","TX",35121,"Texas","TX",25244363,139.124128424235
"198","2010","UT",3284,"Utah","UT",2775426,118.324177982047
"199","2010","VA",9080,"Virginia","VA",8025787,113.135322430062
"200","2010","VT",1220,"Vermont","VT",625984,194.893160208568
"201","2010","WA",22878,"Washington","WA",6743060,339.28216566366
"202","2010","WI",6333,"Wisconsin","WI",5690204,111.296536995862
"203","2010","WV",2264,"West Virginia","WV",1854225,122.099529453006
"204","2010","WY",579,"Wyoming","WY",564516,102.565737729311
"205","2011","AK",2128,"Alaska","AK",722720,294.443214522913
"206","2011","AL",5558,"Alabama","AL",4801108,115.7649442587
"207","2011","AR",NA,"Arkansas","AR",2938538,NA
"208","2011","AZ",10504,"Arizona","AZ",6468732,162.381128171642
"209","2011","CA",125128,"California","CA",37700034,331.904209953763
"210","2011","CO",15116,"Colorado","CO",5119480,295.264362786846
"211","2011","CT",4456,"Connecticut","CT",3589759,124.130895695226
"212","2011","DC",6546,"District of Columbia","DC",620472,1055.0032878196
"213","2011","DE",1035,"Delaware","DE",907916,113.997330149485
"214","2011","FL",56687,"Florida","FL",19105533,296.704624780685
"215","2011","GA",20975,"Georgia","GA",9812280,213.762754426087
"216","2011","HI",6188,"Hawaii","HI",1378227,448.982642191743
"217","2011","IA",3134,"Iowa","IA",3065389,102.23824773952
"218","2011","ID",2199,"Idaho","ID",1584134,138.814014470998
"219","2011","IL",14009,"Illinois","IL",12861882,108.918741440794
"220","2011","IN",6196,"Indiana","IN",6516845,95.0766820447625
"221","2011","KS",2511,"Kansas","KS",2869917,87.4938195076722
"222","2011","KY",6034,"Kentucky","KY",4367882,138.144757573579
"223","2011","LA",9291,"Louisiana","LA",4575381,203.065056221547
"224","2011","MA",16664,"Massachusetts","MA",6611797,252.034356166712
"225","2011","MD",10208,"Maryland","MD",5844171,174.669769245287
"226","2011","ME",2447,"Maine","ME",1328257,184.226395945965
"227","2011","MI",13185,"Michigan","MI",9876589,133.497506072187
"228","2011","MN",7495,"Minnesota","MN",5348119,140.142730556295
"229","2011","MO",8989,"Missouri","MO",6010587,149.552780784972
"230","2011","MS",2306,"Mississippi","MS",2977999,77.4345458141524
"231","2011","MT",1768,"Montana","MT",997746,177.199407464425
"232","2011","NC",12896,"North Carolina","NC",9651025,133.623112570945
"233","2011","ND",603,"North Dakota","ND",685326,87.9873228215477
"234","2011","NE",3548,"Nebraska","NE",1842383,192.576679224678
"235","2011","NH",1469,"New Hampshire","NH",1318344,111.427669864618
"236","2011","NJ",14137,"New Jersey","NJ",8842934,159.867754299648
"237","2011","NM",3601,"New Mexico","NM",2078226,173.272781689768
"238","2011","NV",9150,"Nevada","NV",2718819,336.543182904048
"239","2011","NY",63445,"New York","NY",19523202,324.972307309016
"240","2011","OH",13030,"Ohio","OH",11545442,112.858390350062
"241","2011","OK",4625,"Oklahoma","OK",3786626,122.140396226086
"242","2011","OR",17254,"Oregon","OR",3868509,446.011628769637
"243","2011","PA",15096,"Pennsylvania","PA",12745202,118.444572318273
"244","2011","RI",1070,"Rhode Island","RI",1051856,101.724950943855
"245","2011","SC",5093,"South Carolina","SC",4672733,108.99402983222
"246","2011","SD",826,"South Dakota","SD",824289,100.207572829432
"247","2011","TN",9113,"Tennessee","TN",6398408,142.426053480803
"248","2011","TX",36911,"Texas","TX",25654464,143.877494380705
"249","2011","UT",3130,"Utah","UT",2816440,111.133203618753
"250","2011","VA",8816,"Virginia","VA",8110783,108.694807887229
"251","2011","VT",1144,"Vermont","VT",626687,182.547268413099
"252","2011","WA",20439,"Washington","WA",6823229,299.550256923811
"253","2011","WI",5785,"Wisconsin","WI",5709720,101.318453444302
"254","2011","WV",2211,"West Virginia","WV",1854948,119.194715970475
"255","2011","WY",1038,"Wyoming","WY",567768,182.821152301644
"256","2012","AK",1913,"Alaska","AK",731228,261.614708408321
"257","2012","AL",5209,"Alabama","AL",4816089,108.158300230747
"258","2012","AR",4214,"Arkansas","AR",2949499,142.871721604245
"259","2012","AZ",11302,"Arizona","AZ",6553262,172.463728750659
"260","2012","CA",120098,"California","CA",38056055,315.581843677701
"261","2012","CO",16768,"Colorado","CO",5191731,322.975131030479
"262","2012","CT",4209,"Connecticut","CT",3593541,117.12681168797
"263","2012","DC",6954,"District of Columbia","DC",635342,1094.52861608394
"264","2012","DE",1008,"Delaware","DE",917099,109.911797962924
"265","2012","FL",55170,"Florida","FL",19352021,285.086503368305
"266","2012","GA",20516,"Georgia","GA",9917639,206.863750535788
"267","2012","HI",6246,"Hawaii","HI",1392641,448.500367287765
"268","2012","IA",2928,"Iowa","IA",3076636,95.1688792564346
"269","2012","ID",1968,"Idaho","ID",1596097,123.300776832486
"270","2012","IL",14144,"Illinois","IL",12875167,109.854885765754
"271","2012","IN",6259,"Indiana","IN",6538283,95.7284963039991
"272","2012","KS",2684,"Kansas","KS",2886281,92.9916387212472
"273","2012","KY",5230,"Kentucky","KY",4382667,119.333729895518
"274","2012","LA",7772,"Louisiana","LA",4603676,168.82161125153
"275","2012","MA",17501,"Massachusetts","MA",6657780,262.865399577637
"276","2012","MD",9454,"Maryland","MD",5890740,160.489174534948
"277","2012","ME",2393,"Maine","ME",1328888,180.075371287874
"278","2012","MI",12592,"Michigan","MI",9886879,127.360717168684
"279","2012","MN",7744,"Minnesota","MN",5380443,143.928669070558
"280","2012","MO",10237,"Missouri","MO",6025468,169.895516829564
"281","2012","MS",2413,"Mississippi","MS",2985660,80.8196512663867
"282","2012","MT",1833,"Montana","MT",1005157,182.359571688801
"283","2012","NC",13524,"North Carolina","NC",9747021,138.750085795445
"284","2012","ND",688,"North Dakota","ND",702265,97.9687155133746
"285","2012","NE",3789,"Nebraska","NE",1855973,204.15167677547
"286","2012","NH",1496,"New Hampshire","NH",1321393,113.213858405486
"287","2012","NJ",13025,"New Jersey","NJ",8874893,146.762332796576
"288","2012","NM",3245,"New Mexico","NM",2084792,155.651019382269
"289","2012","NV",8497,"Nevada","NV",2754874,308.435158921969
"290","2012","NY",69566,"New York","NY",19606981,354.802200297945
"291","2012","OH",13977,"Ohio","OH",11551783,120.994308843925
"292","2012","OK",5032,"Oklahoma","OK",3817679,131.807834026905
"293","2012","OR",15828,"Oregon","OR",3899444,405.904021188662
"294","2012","PA",14736,"Pennsylvania","PA",12772789,115.370260950839
"295","2012","RI",1277,"Rhode Island","RI",1052393,121.342502278141
"296","2012","SC",4915,"South Carolina","SC",4721341,104.101779557969
"297","2012","SD",859,"South Dakota","SD",834631,102.919733391163
"298","2012","TN",9426,"Tennessee","TN",6455469,146.015727129973
"299","2012","TX",34052,"Texas","TX",26089741,130.51873531439
"300","2012","UT",3527,"Utah","UT",2856343,123.479568105091
"301","2012","VA",8424,"Virginia","VA",8193374,102.814786680066
"302","2012","VT",1160,"Vermont","VT",626398,185.185776455225
"303","2012","WA",20504,"Washington","WA",6897292,297.276090384458
"304","2012","WI",6027,"Wisconsin","WI",5726422,105.248966981476
"305","2012","WV",2410,"West Virginia","WV",1856283,129.829341754463
"306","2012","WY",1813,"Wyoming","WY",577080,314.167879670063
"307","2013","AK",1946,"Alaska","AK",737442,263.885159782057
"308","2013","AL",4689,"Alabama","AL",4830533,97.0700334724967
"309","2013","AR",3812,"Arkansas","AR",2957957,128.872732091778
"310","2013","AZ",10562,"Arizona","AZ",6630799,159.286987887885
"311","2013","CA",118552,"California","CA",38414128,308.6156218358
"312","2013","CO",9754,"Colorado","CO",5271132,185.045641050158
"313","2013","CT",4448,"Connecticut","CT",3597168,123.652829114459
"314","2013","DC",6865,"District of Columbia","DC",649540,1056.90180743295
"315","2013","DE",946,"Delaware","DE",925353,102.231256612341
"316","2013","FL",47862,"Florida","FL",19594467,244.262831951489
"317","2013","GA",16971,"Georgia","GA",9991562,169.8533222333
"318","2013","HI",6335,"Hawaii","HI",1408765,449.684652869712
"319","2013","IA",3084,"Iowa","IA",3092224,99.7340425531915
"320","2013","ID",1781,"Idaho","ID",1612785,110.430094525929
"321","2013","IL",13425,"Illinois","IL",12889580,104.153897954782
"322","2013","IN",6096,"Indiana","IN",6570518,92.7780732051872
"323","2013","KS",2693,"Kansas","KS",2894630,93.034342903929
"324","2013","KY",5245,"Kentucky","KY",4398500,119.245197226327
"325","2013","LA",5226,"Louisiana","LA",4627491,112.933769077023
"326","2013","MA",19029,"Massachusetts","MA",6708810,283.641957366508
"327","2013","MD",8205,"Maryland","MD",5936040,138.223462106051
"328","2013","ME",3016,"Maine","ME",1328778,226.975461664778
"329","2013","MI",11527,"Michigan","MI",9900506,116.42839264983
"330","2013","MN",8214,"Minnesota","MN",5420541,151.534689987586
"331","2013","MO",8581,"Missouri","MO",6043708,141.982372411109
"332","2013","MS",2403,"Mississippi","MS",2990976,80.3416677365516
"333","2013","MT",1878,"Montana","MT",1014402,185.133704389384
"334","2013","NC",12168,"North Carolina","NC",9845432,123.590310714654
"335","2013","ND",2069,"North Dakota","ND",723626,285.92118027821
"336","2013","NE",3145,"Nebraska","NE",1869300,168.244797517787
"337","2013","NH",1447,"New Hampshire","NH",1322660,109.400753027989
"338","2013","NJ",12002,"New Jersey","NJ",8907384,134.742142025088
"339","2013","NM",2819,"New Mexico","NM",2086890,135.081389052609
"340","2013","NV",7039,"Nevada","NV",2790366,252.26081453114
"341","2013","NY",77430,"New York","NY",19691032,393.224692337101
"342","2013","OH",12325,"Ohio","OH",11572232,106.504950816748
"343","2013","OK",4408,"Oklahoma","OK",3853405,114.392336128697
"344","2013","OR",13822,"Oregon","OR",3928030,351.881222903084
"345","2013","PA",15086,"Pennsylvania","PA",12783536,118.011166863378
"346","2013","RI",1384,"Rhode Island","RI",1052856,131.45197443905
"347","2013","SC",6544,"South Carolina","SC",4768498,137.233988564114
"348","2013","SD",1094,"South Dakota","SD",845270,129.426100535923
"349","2013","TN",9528,"Tennessee","TN",6496130,146.671941602154
"350","2013","TX",29615,"Texas","TX",26500674,111.751874688168
"351","2013","UT",3277,"Utah","UT",2903685,112.856594293114
"352","2013","VA",7625,"Virginia","VA",8267875,92.2244228414194
"353","2013","VT",1454,"Vermont","VT",627129,231.850225392224
"354","2013","WA",17760,"Washington","WA",6973281,254.686423793907
"355","2013","WI",6104,"Wisconsin","WI",5743653,106.273829564565
"356","2013","WV",2240,"West Virginia","WV",1852985,120.886029838342
"357","2013","WY",953,"Wyoming","WY",583131,163.428114780384
"358","2014","AK",1784,"Alaska","AK",737046,242.047307766408
"359","2014","AL",4561,"Alabama","AL",4846411,94.1108791639834
"360","2014","AR",2936,"Arkansas","AR",2966835,98.9606769503528
"361","2014","AZ",10495,"Arizona","AZ",6728783,155.97174110088
"362","2014","CA",113952,"California","CA",38792291,293.749085353067
"363","2014","CO",10028,"Colorado","CO",5355588,187.243678938709
"364","2014","CT",4450,"Connecticut","CT",3594762,123.791227346901
"365","2014","DC",7748,"District of Columbia","DC",659836,1174.2311725944
"366","2014","DE",901,"Delaware","DE",935968,96.2639748367466
"367","2014","FL",41542,"Florida","FL",19905569,208.695365603465
"368","2014","GA",16521,"Georgia","GA",10097132,163.620719229975
"369","2014","HI",6918,"Hawaii","HI",1420257,487.094941267672
"370","2014","IA",3122,"Iowa","IA",3109481,100.40260738046
"371","2014","ID",2104,"Idaho","ID",1634806,128.700286150161
"372","2014","IL",13107,"Illinois","IL",12882189,101.745130427756
"373","2014","IN",5971,"Indiana","IN",6597880,90.4987662703778
"374","2014","KS",2783,"Kansas","KS",2902507,95.8826283623089
"375","2014","KY",5089,"Kentucky","KY",4412617,115.328386760056
"376","2014","LA",4606,"Louisiana","LA",4648990,99.0752830184621
"377","2014","MA",21237,"Massachusetts","MA",6755124,314.383570160962
"378","2014","MD",7856,"Maryland","MD",5975346,131.473558183911
"379","2014","ME",2726,"Maine","ME",1330256,204.92296219675
"380","2014","MI",12227,"Michigan","MI",9916306,123.301963452923
"381","2014","MN",8377,"Minnesota","MN",5457125,153.505737911446
"382","2014","MO",7282,"Missouri","MO",6063827,120.089178005903
"383","2014","MS",2226,"Mississippi","MS",2993443,74.3625317068005
"384","2014","MT",1745,"Montana","MT",1023252,170.534726538526
"385","2014","NC",11491,"North Carolina","NC",9940387,115.599121040257
"386","2014","ND",1258,"North Dakota","ND",740040,169.990811307497
"387","2014","NE",3026,"Nebraska","NE",1882980,160.702715907763
"388","2014","NH",1376,"New Hampshire","NH",1327996,103.614769924006
"389","2014","NJ",11671,"New Jersey","NJ",8938844,130.564981333157
"390","2014","NM",2746,"New Mexico","NM",2085567,131.666832089307
"391","2014","NV",8582,"Nevada","NV",2838281,302.366115264838
"392","2014","NY",80590,"New York","NY",19748858,408.074228899717
"393","2014","OH",11823,"Ohio","OH",11596998,101.948797438785
"394","2014","OK",4191,"Oklahoma","OK",3879610,108.02632223342
"395","2014","OR",12164,"Oregon","OR",3971202,306.305244608559
"396","2014","PA",15333,"Pennsylvania","PA",12793767,119.847422576947
"397","2014","RI",1190,"Rhode Island","RI",1054907,112.806152580275
"398","2014","SC",5057,"South Carolina","SC",4829160,104.718004787582
"399","2014","SD",885,"South Dakota","SD",853304,103.71450268603
"400","2014","TN",9415,"Tennessee","TN",6547779,143.789214632931
"401","2014","TX",28495,"Texas","TX",26979078,105.618879933554
"402","2014","UT",3081,"Utah","UT",2944498,104.635832661459
"403","2014","VA",7020,"Virginia","VA",8328098,84.2929562068074
"404","2014","VT",1559,"Vermont","VT",626767,248.736771399898
"405","2014","WA",18442,"Washington","WA",7063166,261.101041657523
"406","2014","WI",6055,"Wisconsin","WI",5759432,105.131894950752
"407","2014","WV",2013,"West Virginia","WV",1848751,108.884322442557
"408","2014","WY",757,"Wyoming","WY",584304,129.555847640954
"409","2015","AK",1956,"Alaska","AK",738432,264.885595423817
"410","2015","AL",3970,"Alabama","AL",4858979,81.7044074485607
"411","2015","AR",2560,"Arkansas","AR",2978204,85.9578457352149
"412","2015","AZ",9896,"Arizona","AZ",6828065,144.931250654468
"413","2015","CA",115738,"California","CA",39144818,295.666210531366
"414","2015","CO",9953,"Colorado","CO",5456574,182.403830682036
"415","2015","CT",4047,"Connecticut","CT",3590886,112.701990539382
"416","2015","DC",7298,"District of Columbia","DC",672228,1085.64356141071
"417","2015","DE",953,"Delaware","DE",945934,100.74698657623
"418","2015","FL",35900,"Florida","FL",20271272,177.097914723852
"419","2015","GA",13790,"Georgia","GA",10214860,134.999402830778
"420","2015","HI",7620,"Hawaii","HI",1431603,532.270468838079
"421","2015","IA",3081,"Iowa","IA",3123899,98.6267481759173
"422","2015","ID",1966,"Idaho","ID",1654930,118.796565413643
"423","2015","IL",13177,"Illinois","IL",12859995,102.465047614715
"424","2015","IN",5863,"Indiana","IN",6619680,88.5692359751529
"425","2015","KS",2588,"Kansas","KS",2911641,88.8845843289059
"426","2015","KY",4538,"Kentucky","KY",4425092,102.551540171368
"427","2015","LA",4081,"Louisiana","LA",4670724,87.3740345179891
"428","2015","MA",21135,"Massachusetts","MA",6794422,311.06398748856
"429","2015","MD",8390,"Maryland","MD",6006401,139.684313451599
"430","2015","ME",2372,"Maine","ME",1329328,178.436021809516
"431","2015","MI",10516,"Michigan","MI",9922576,105.980543762023
"432","2015","MN",7546,"Minnesota","MN",5489594,137.46007446088
"433","2015","MO",6482,"Missouri","MO",6083672,106.547493027238
"434","2015","MS",1983,"Mississippi","MS",2992333,66.2693624005082
"435","2015","MT",1709,"Montana","MT",1032949,165.448632991561
"436","2015","NC",10685,"North Carolina","NC",10042802,106.394609791172
"437","2015","ND",1305,"North Dakota","ND",756927,172.407643009167
"438","2015","NE",2744,"Nebraska","NE",1896190,144.711236743153
"439","2015","NH",1445,"New Hampshire","NH",1330608,108.5969722112
"440","2015","NJ",10098,"New Jersey","NJ",8958013,112.725891333268
"441","2015","NM",2629,"New Mexico","NM",2085109,126.084535628593
"442","2015","NV",8743,"Nevada","NV",2890845,302.437522592875
"443","2015","NY",88250,"New York","NY",19795791,445.801837370378
"444","2015","OH",11182,"Ohio","OH",11613423,96.2851348822823
"445","2015","OK",3777,"Oklahoma","OK",3911338,96.5654208355299
"446","2015","OR",13226,"Oregon","OR",4028977,328.271916171276
"447","2015","PA",15421,"Pennsylvania","PA",12802503,120.453008290644
"448","2015","RI",1111,"Rhode Island","RI",1056298,105.178652236395
"449","2015","SC",5354,"South Carolina","SC",4896146,109.351314278618
"450","2015","SD",1036,"South Dakota","SD",858469,120.679954663476
"451","2015","TN",9123,"Tennessee","TN",6600299,138.221010896628
"452","2015","TX",23678,"Texas","TX",27469114,86.1986302142836
"453","2015","UT",3025,"Utah","UT",2995919,100.970687124719
"454","2015","VA",7001,"Virginia","VA",8382993,83.5143247763657
"455","2015","VT",1523,"Vermont","VT",626042,243.274412898815
"456","2015","WA",19419,"Washington","WA",7170351,270.823562193817
"457","2015","WI",6057,"Wisconsin","WI",5771337,104.949684969012
"458","2015","WV",1835,"West Virginia","WV",1844128,99.5050235124677
"459","2015","WY",798,"Wyoming","WY",586107,136.152613771888
